{"EmployeeID":10,"FirstName":"Andrew","Title":"Manager","State":"DE","Laptop":"PC"}
{"EmployeeID":11,"FirstName":"Arun","Title":"Manager","State":"NJ","Laptop":"PC"}
{"EmployeeID":12,"FirstName":"Harish","Title":"Sales","State":"NJ","Laptop":"MAC"}
{"EmployeeID":13,"FirstName":"Robert","Title":"Manager","State":"PA","Laptop":"MAC"}
{"EmployeeID":14,"FirstName":"Laura","Title":"Engineer","State":"PA","Laptop":"MAC"}
{"EmployeeID":15,"FirstName":"Anju","Title":"CEO","State":"PA","Laptop":"PC"}
{"EmployeeID":16,"FirstName":"Aarathi","Title":"Manager","State":"NJ","Laptop":"PC"}
{"EmployeeID":17,"FirstName":"Parvathy","Title":"Engineer","State":"DE","Laptop":"MAC"}
{"EmployeeID":18,"FirstName":"Gopika","Title":"Admin","State":"DE","Laptop":"MAC"}
{"EmployeeID":19,"FirstName":"Steven","Title":"Engineer","State":"PA","Laptop":"MAC"}
{"EmployeeID":20,"FirstName":"Michael","Title":"CFO","State":"PA","Laptop":"PC"}
{"EmployeeID":21,"FirstName":"Gokul","Title":"Admin","State":"PA","Laptop":"PC"}
{"EmployeeID":23,"FirstName":"Janet","Title":"Sales","State":"DE","Laptop":"PC"}
{"EmployeeID":22,"FirstName":"Anne","Title":"Admin","State":"PA","Laptop":"PC"}
{"EmployeeID":24,"FirstName":"Hari","Title":"Admin","State":"NJ","Laptop":"PC"}
{"EmployeeID":25,"FirstName":"Sanker","Title":"Admin","State":"NJ","Laptop":"MAC"}
{"EmployeeID":26,"FirstName":"Margaret","Title":"Tech","State":"PA","Laptop":"PC"}
{"EmployeeID":27,"FirstName":"Nirmal","Title":"Tech","State":"PA","Laptop":"MAC"}
{"EmployeeID":28,"FirstName":"jinju","Title":"Engineer","State":"PA","Laptop":"MAC"}
{"EmployeeID":29,"FirstName":"Nancy","Title":"Admin","State":"NJ","Laptop":"PC"}

